DW_LOCALIDADE;id_estado;id_cidade;ds_estado;ds_cidade
10d7aab7024856051c99f4df6e733af448be23c8ea60b35ed47766caf45dcc39;25;35;RN;ACU
3c28a71c05bfdbd1c5be0754db7336086766c98aad982bcbf10790f5227899e1;22;148;PR;ALMIRANTE TAMANDARE
8e8a6d866a48d78b3aec84cc2c3b6831442570bf4150defdf9dbc6014aa216bb;19;628;PB;BANANEIRAS
c3346ee098c5c01304e43dc443c64385bc4393c5747a76a39cf53c659438bb23;33;738;SP;BASTOS
79626ed41ac21b8df68a4cebbb16f77fcc7dd43116cdcfcc59b27273c7f0f3b3;14;40;MG;ADAO COLARES (BOTUMIRIM)
fb97c1d2f02ce96be9c0f602fe44cd3f92c692078817e964d00ad866f1c50c06;33;6998;SP;TAUBATE
3908cf6d1b14ddb1f1efaea3a2f8bd463ed8fe6c8962f3ddd760b8c206b814da;7;753;CE;BELA CRUZ
b8c84c250728c6bbb8cc1fe23b00ed5463eeb921333ad66c9bb969e56ce3ee69;28;900;RS;BOM RETIRO DO SUL
1303fe2fbf8e86353360030dc9149e29a65047e6c1fa76db33a55de137ac1bf3;33;1179;SP;CAIEIRAS
fb1b5e2fb7741c398bafe99293a6c71a3d0b5d293346958f6253ab507f804641;28;7533;RS;XANGRI-LA
1b7c946f85b6e753eab00c74d1d891ccb9d723f8133c54f4624bab1c843deed8;22;198;PR;ALTONIA
5e309cce627f983e78ad3e01f67c9e1d700de421137f0a02e00765f7210e9e70;16;178;MT;ALTO GARCAS
e2d1fdd9be4b2ce53484fac2d803cfb02476eebea7ecd917e6263d8c0d1fb511;33;611;SP;BALBINOS
07e1703b831be5265efd27e59b2d926a3699ba90dd2e3d06847407bca0b961bd;20;720;PE;BARREIROS
655ff501c08116bacfc16123626bc4bfa44c71f26a849210ba6e0c0181c62080;24;1207;RJ;CALIFORNIA DA BARRA (BARRA DO
5eec09795e35306165bbc1f84b3b576088b11bd7777d3f644773934a22bc94b4;7;5958;CE;SANTA QUITERIA
0c5fde855dc6a08363802f5b94e3f1ba765318ecf3db0b2511c4adb1733083ce;11;130;GO;ALEXANIA
399c8fad76eb4ee4b1239f1f11eee76593e5008564d60760e66e54f2ea9b1060;16;680;MT;BARRA DO BUGRES
3eb53de330b21c7445cdc0cdf78be171f3098a1b28237337f3040483de7450e6;6;665;BA;BARRA
fafbb3535f419e8cf918fcf0880023e5113610aabd5fff524f379d1f6340439c;10;48;ES;AFONSO CLAUDIO
13331855e7fbd97dfe12b65da43d988b0d1c5951a7aab38ffaf42032f0cf3cc9;31;1879;SC;CURITIBANOS
33d6d155e6af24105b09558f4d8debb73187f445900fd16e52d956c0386fe6ef;20;1143;PE;CACHOEIRINHA
bad4c05d01f8d115fb12d798aedee667f0be94e36199a0e4c88a3fb3315a1cc2;20;425;PE;ARCOVERDE
0c24bfd85c0f764ff347dd139d7cbf8d62fe53b74ad5d1971b8d0403eb09b2d0;24;771;RJ;BELFORD ROXO
4705b36b21dd195a1caba72f4a36c2f486bb5d86614046ed238c71f1ad227b82;24;3847;RJ;MAGE
3c4be82da6d3c8af7cf983813da3aaea4acf12153684dd3b5c54c5e75bf58c67;10;364;ES;ARACUI
e7c639f9ccd5f235ddaaa6e84250c99007685d1951ed274b308c8b8198da0bf2;13;63;MA;AGUA DOCE DO MARANHAO
6521fa509f5f279ba8904bddeba3648c5839901d5e8b7d22c79b8aedd08acc45;33;204;SP;ALVARES MACHADO
dbbb1119ac4341828107abb56fa95717f483211efabfd4af060c24529904f9c8;8;5936;DF;SANTA MARIA
7a7cf3b93b235b9761eb3f3ed87cda60e03ff79a337387a8aad8fdcb6233d3b6;31;1114;SC;CACADOR
35aa20ee5eeb7f5a2ab1f8968227e67aafd6f17ba0573688b450626ead4f8ada;24;2160;RJ;DUQUE DE CAXIAS
8a00e23d7376b96bc87989ee6f208b32ec275fd0a766fd0b1cf00001e1c3b555;33;483;SP;ASSIS
3728f999b67739a4a13b3c38f170c22bed62136c77afb9a8c558b40fd5c8ba40;28;1532;RS;CAXIAS DO SUL
b6a30340e0581a2d3ecbb32c6bb04f726f738ba7dd1d536c42e694f2ff1f1f86;19;1246;PB;CAMPINA GRANDE
478841fbdc335464b46ba60793518b9ef72410f6e91f372f4cb0389fcf2bc3ba;21;832;PI;BOA HORA
898e54346b691bee69f080dc135f89d1bcbf4a16b5bbc7be1525ba1fcd4e5739;8;960;DF;BRASILIA
8753a697f7eb9fb460720ba69012fa38d10c36fc23ea075d268455e03f630df9;31;6167;SC;SAO CARLOS
b2353c718b1efcf2dbdda3357f9d5a700384ebac3c3a59260713bfffe84083bc;19;655;PB;BARAUNA
7ed9abbe18720235e0166cfb2067b98de5bd95fe7936dbeea16fd2c60f94fed4;25;1177;RN;CAICARA DO RIO DO VENTO
0ec0ecdd3a27ba3fed956f7c55720fa44fae0babc035fe9619739c6ce7c70d5f;25;3810;RN;MACAIBA
b070fdeef26ae0d369acae171eca1c228bdae1587373a0c6bf72e91f05c26476;14;1755;MG;CORONEL FABRICIANO
232efb444c1362487669df80d8057031249d2a8c26f707593f83d348d9de26c6;7;752;CE;BEBERIBE
14b7f0eccd7ab8e11e93af3ef99070476aa4eb29f92ad47ccd8cd11c72bec187;31;400;SC;ARAQUARI
e43b937e156db24e7e93df9f739b2dbc0720f5985c6bdead1156babbdbc66900;13;168;MA;ALTO ALEGRE DO MARANHAO
426df8c38484aea48b695dcb4e3c429702a484987c0b5f0f9da936c4637f1875;6;11;BA;ABAIRA
04706dac3b83d5ce24279a69b32013f21e7727193eef84125fd988f7ccda54fb;20;576;PE;Arcoverde
6a3be7d31d5b8878f2ba29608305e60b04e9febbaba5e3abe49f73cea4699e8f;14;1898;MG;CURVELO
c25e3f82cc10352c915b929de3f483ffaaf7db911ba9a0a9ec141a318e06d9ab;21;1430;PI;CARIDADE DO PIAUI
5e2f39ec51a79d1bb54130b0d31d9ee9ba80fc296ba949cd1ff1df081ba4a9c7;14;4;MG;ABADIA DOS DOURADOS
10889fa99f286c25db54bc232876738c487bee675dcd4a29b74623e622c5267a;25;330;RN;APODI
e08f40114c4911ecaba178434225be5046a059b763f6771f84f4d17d38dfe783;22;4732;PR;PAICANDU
32d95577e55ad91cf865e0aa08cba57422f666c39721a970df615208d96d828c;19;1104;PB;CABEDELO
21a111910b1dbb9d8e9d0162578f0224c57d34fc4b49530d01758fc991a9cf0c;19;1096;PB;CAAPORA
9cec862bbc7dcca222f00baff2ebd308ef35dee625a65d047eb7869ead05bfa1;4;3878;AM;MANAUS
82d196a2ddcd0183948fbaa5f47df60dabf6fc7433e59944ed278bbe2761b7fc;22;167;PR;ALTO ALEGRE (COLORADO)
4bc13da5e15a4e65331e4d8edaef7b2e73b088fd2e40ab65190fd7a3b6af5432;33;700;SP;BARRA DO TURVO
364d9c5883ca6730111d66f96e2bd6415cd5fc89b74d5b5202c7e7bf4c14c5d4;24;411;RJ;ARARUAMA
446dd566f7cfe5a6ad205c259423bb6202ac7d75563841eaf878bb578e3cc986;3;7022;AL;TEOTONIO VILELA
c3c3268058c8f21e98bf157b83fd1f0e800d4cb8fec7198e0861c4904f9aa775;14;6;MG;ABAETE
f88909e97edbc882829e8166416969348626db8a18825c02056ce9b726c96c6c;14;269;MG;ANDRELANDIA
7cd3fe3aae35886df3f37900af08cbde33dfe33c6d0923a4f74be4090d27582a;14;19;MG;ABRE CAMPO
bdc78f7590272522733cd441a3ece62179344af40a119468d19e339033a907de;6;265;BA;ANDORINHA
f0e0dfeac76e791c6262eae085915bb3501422f635acc250e4dcfcd91d03cd21;14;152;MG;ALPERCATA
3aa3886ba48c8821368944c7e07b8dc3342c3af59ce219ecca6cf51e2cd067e7;14;5183;MG;POCOS DE CALDAS
788685dcfb6bc985a10efc2cf2838502d34bcf320c8e613416bb98b60fe547ee;22;3031;PR;IRATI
7209264be66913c750749e6d35d90560f806ccec66e0898b9097c83007554a7f;3;765;AL;BELEM
9116b90a4690a6f5a04686eb6a08f2b0d4797b4a9980b4721794a178efeac778;19;92;PB;AGUIAR
c3ed84babe14667339c4e6cc5d1f26d0e161f85e0d3e6985e8305bb89428942a;19;603;PB;BAIA DA TRAICAO
087beb5b2c4649b0c13b5646a4493fe27483136f2bef077a82a95dd3ea512752;25;2649;RN;GUAMARE
dca05546414efd7a36d019e70579ddb264d1a5935cc7414a07d8045c4a9094d6;33;238;SP;AMERICO BRASILIENSE
390b65692988c8690826dbae7fe8581b8a4057ed5e8fbc49933db81da5792dac;20;4665;PE;OROCO
2239e6fad0bea6fbb6d9ffb590fd11bb01509c714d1860bed99fa75b7b5a75f5;14;2;MG;(LEOPOLDINA)
3ac21226b416da6b7b5888a70f4359c6fce4a0739d6608a9b1a7dd1b9c09b77a;33;236;SP;AMERICANA
0041b366e9e7d758abdf358c0f766c10dd11127569c4ab0a755261a5dbb6da4d;3;4682;AL;OURO BRANCO
bbb8219aa32060f768982a00c3d8f19e15e8a57a4114a19ba756d9397b47edf3;3;391;AL;ARAPIRACA
ab5f0cb7fa875756cd31656db87ce3dd2964a157ee27e37d47d8574a24264f19;28;599;RS;BAGE
050ad1adf55863363b91c2a4075082fcf6744c046c032b1c86763a2cd2ef180c;28;7390;RS;VIAMAO
97f7089663455693a7105e74bd850d275513807bb2ea175a8e0ef526c65ae9ae;33;1140;SP;CACHOEIRA PAULISTA
6e8678a51121f0ea9bf54fe583173e60f19dda3020b727b5030b7acc455cdf07;21;489;PI;ASSUNCAO DO PIAUI
953a64624818a565dff48aa67b3ba1d3e78fb70673c228d10ca974b74998a130;3;248;AL;ANADIA
ad8ec9356aa366a19b8043bfc2b893ca9bcf03d331d57ae75b7f6270e8a65c83;13;117;MA;ALDEIAS ALTAS
4adad61f2594ec24d3462245d5ce4041a77f0c76910481d75f157e3cbee7c7de;14;96;MG;AIMORES
41635ba74a7d275ae89a5f9a8c5f0b5d8ccf61be96766dc69ccd40fca4f26f22;16;5456;MT;Primavera do Leste
db08a8072e3227f3ddbe7bda8db5e6e16ce923332764395094e8c0b184fd4b76;16;172;MT;ALTO BOA VISTA
0389c1c9ba68fa39c40ed6e466d3c9b2d4062b7bbe5a89fa67ca6bdf7d731482;10;262;ES;ANCHIETA
9f4c99c4450a052f1d55955c3e22e98df2ad3c4c4137acba3cacb4d3558d305c;26;1151;RO;CACOAL
2a0eb38714f07548c72de0cbd15b56df3201d7d5c1305025d80ad4202a84a843;14;146;MG;ALMENARA
8a9e84e9b0016b5d2812cebe13a48dd6e66052bd4062db3b595106366f3f30c3;33;206;SP;ALVINLANDIA
afbcc0968616a169e6d553b55452199c992fa765ba6c2503955688c6bf87132c;20;50;PE;AFRANIO
0c97951a270a3535d4129dbff7aa53719b522f901dc06632c9df8911d73885dd;33;3323;SP;JABOTICABAL
2e513104f51e8e0f1d616ea786f58c869367b4df802951c8b2089f1da9b14301;18;158;PA;ALTAMIRA
4aa3226a517d5f805eabad5575f338bae62902dc2e73a5012f0c6e82122aa71d;22;861;PR;BOCAIUVA DO SUL
1aecac9cb7d7a7b7b5148baf1c1aacd3ad1a23ea7a8432474d89744fe9798852;31;3480;SC;JOINVILLE
fc290cd01b6a446fdd052c40070fb551069cb250ceb576109892285bf5875ebd;33;2261;SP;ESPIRITO SANTO DO PINHAL
37feb192cb88c9a86ced502c06b7c0728d5b52d27e5797d12ef2af3c9112551b;7;725;CE;BARRO
8d6143c5cbd025a5077927f8b4eb00d4227061a8f63a8b2885276db38443495f;21;1193;PI;CAJUEIRO DA PRAIA
34f79a431025929a8b5f88e27bc03c2e77f4854518727c6a8d35222bc255851a;11;5910;GO;SANTA HELENA
210b9678cdd1c533e5b0ee7c208bef90570521e6b0f1b10c91401fc6bea4460b;33;5347;SP;PROMISSAO
ef933eaea6904f39300f0126daf3a02cc2ef482fef9508a465655c7d3b803d54;33;1502;SP;CATANDUVA
e418fdaaaa992a53dcc8b7c3b183db9dd80960ded9c2ce5c93d4d5ba6fcc7513;28;2907;RS;IJUI
84ac0eb0a3af4ffae2c73e8ca0c1db30f294cbf6168fbad7b88a78090b43a1e4;19;243;PB;AMPARO
015cee387db4497f8c4a7082a3440ef3e9d267ee34b4a0d29dbfc1fb439ce1a1;10;132;ES;ALFREDO CHAVES
b8493bda1e301d10ad3ec9d6e2ab26472cec2c86d0f546e66e1482a3bd1873f8;13;1019;MA;BURITICUPU
4b720b21828f44efae72c51dc78696f0828220bec35d86d97c9d86725bb0430f;14;3889;MG;MANHUACU
b1473348028677b618fdb8c4c0c4508c328dd034c328f2ed3ff6d2c4afea54d6;11;758;GO;BELA VISTA DE GOIAS
2eea7a69ac2a463d4ef96767882ff9fb5ea971abe2a757b568a2a66eea27ad34;33;239;SP;AMERICO DE CAMPOS
e9a92993248e97ae8f946c83d5ecb7ea5035766c41cc6695026fec14a3876211;11;67;GO;AGUA FRIA DE GOIAS
6f9a364c34b33bc35570728c5a7f035a99f2357a066b3321214cb8d7e286a4a6;6;1351;BA;CANUDOS
f50cefff0790a4079e59074ba188bd4798f36316d267d0fc89ca6e211356c16e;33;80;SP;AGUAS DE SANTA BARBARA
dbf2da50d97063ea9d83ebe49042313cb40387fa34ff15b678c548f3113beeba;13;6249;MA;SAO JOAO BATISTA
c24cc1b69b5a416097cbf219787411d4a06ddde87f67914e7a51a03efd19532c;7;657;CE;BARBALHA
fefd57d5fe6afb5b26fefff94d3dcf458f5b822144c8d124882b5915f5b3bf92;28;1841;RS;CRUZ ALTA
9b62b395429ee728e2bf209506d28509a3ecf24f9778708323803a42f1e2dbc1;28;2190;RS;ELDORADO DO SUL
b609ce6f4731745147c0a67bae1521f962e434d1e45345327be81cab04ebecf0;31;2674;SC;GUARAMIRIM
20c6ca90142fded819eeda978685435c6389dc9b9bf645bc0a126c35d8bd96a2;24;3055;RJ;ITABORAI
23d714dba1806c09abecbad9fbe52b998a6bc68cfec9fe1dec978a163cdb8988;22;4754;PR;PALMAS
e8e72650bea5b29e1382e9dc857a0b210416bcfcbc24bd364ec10a5c059553fe;13;189;MA;ALTO PARNAIBA
bf98616b7cc7f2c1151e2d46590f20566bb282a2d043cb8dd53b51a6d6cbfb50;19;104;PB;ALAGOA NOVA
17673f0c08e5ddd0d998141d7da5ebb1fda281b23579b80517d5d82b450ca31c;7;359;CE;ARACOIABA
b90ca61a21a7e499b8d8b6ea431d4684d665038e37204995c63c8a0aad562bac;31;403;SC;ARARANGUA
6219bfde2b0d855876bdd55d81f3ec73e1e26b146ccf04f22d31c065e12fefcb;31;4745;SC;PALHOCA
372bc0ae599cd682a3ccb13ea3552dfb5db95d78041a091b9dd18a8adfb30876;28;268;RS;ANDRE DA ROCHA
34bf31e5cb4720949d3642161022e11dddb4f245ece873ce6b831c67fd6179ae;14;131;MG;ALFENAS
38cab0f87d09bc2eba4d386224e53a1533b4a34d39ee54d7e4ae072b98fac44d;6;443;BA;ARGOLO (NOVA VICOSA)
698333bcd975fc9a64933dd86c938c0e6eca42136670d9715c33082ac0949786;18;947;PA;BRAGANCA
7cac4537f8b6efe896841aebe005d5c5d65278c10e5b903e02faba29d0b95f43;14;3529;MG;JURUAIA
a75f495e80a42ec25cac2d690619752f82578abe6d2d643e1af72a58eaf5449e;7;4216;CE;MORADA NOVA
c2ddcae8f38c3d2f684f246b98055a1c2f6bdf9d4a4198715378812371078a8b;11;187;GO;ALTO PARAISO DE GOIAS
6e5dfca78a96c2148d26c38db5a66a9816d626e465434635406731ed5465aa4d;6;5181;BA;POCOES
1d396db9003a3f28b1c0f30c80d9e723865c1a8df2c94457169edaad61eebcfa;6;1270;BA;CAMPO FORMOSO
d2cbd7d7d4ead4be788a9bc91ddb85b7c17a4a54ecfb4c7b7d84b907ee5e805c;24;3808;RJ;MACAE
75d80ed5791ec77416a3a91a134ec9821f54727e55f44b0c7d93333adae277f9;3;59;AL;AGUA BRANCA
f70adbdda32264d2ed3b1129e990936985c34ff35eebba4f2e80292c2cb08818;33;4042;SP;MAUA
605db8d126de3111226ad86a18146b81e22b3c804f4a5948cdaa0581377a2c12;14;1261;MG;CAMPO BELO
56e5cf16a68269ee6e49abb4381988498fbe89434daf476e13aa49688c3d50de;14;810;MG;BETIM
d2cbc296bb4d724c8b6712547b55af9f9d14f2e1da48e63f536c86e7566e067b;31;3142;SC;ITAPEMA
b2e4662bb7aab50a6dfe57198b297bb429bac62ef249da57b2b0f834386f3178;31;3092;SC;ITAJAI
0d46193bd9289954ce2f7988edbff1bd7aecf9102a4afcd1c0c89217dd3f7d59;19;6739;PB;SOUSA
f2986be3711d7136cc6052368b3ec36e8f2ad43efa7196290b99586ff4c64277;10;3143;ES;ITAPEMIRIM
deaaa8703eff7d4680988b4730e71fdd8f2ba0dd7fcd57668d0909e105f9dddf;33;3175;SP;ITAQUAQUECETUBA
e50f82fac0ffe1a500f0be75a0fae8477892a5327c8276ad20e029542dceb60b;20;5541;PE;RECIFE
630b821b7a53a469a4394fe87f5ff527d430c2f8b641ba4980cc76713457d342;31;1585;SC;CHAPECO
c60e78d6ce6a2895a17119bbf19d31eee397b2613e9132eb4ce97fc729f601f5;24;5641;RJ;RIO DE JANEIRO
7bd735820075e34c7b9dd2f2ead0c2369c8a90d4e6696146c2e4b968f1a98cf5;20;4867;PE;PARNAMIRIM
e93ee5548fe021bff78583c348519d9d05ec601cbca919724c9beb7ded6bb275;21;106;PI;ALAGOINHA DO PIAUI
265d36d1c4eb85b64df27027751693f5ed39718c4dfe3adced3954f66f5a4bc4;28;2626;RS;GRAVATAI
c14d056128902852fe4a6fb6132658947276207f8d73af623d8c0ac2a31e3e5b;28;3648;RS;LAJEADO
0ced99b0740107495b10efd0d434c59d70908de73f3eebc9885bef00e9fc00e0;3;740;AL;BATALHA
86554bf9d1223f34667f888172ef8dbfc0b16ee4c1dbc6fd8aa80b8e21a6761f;33;748;SP;BAURU
436cd02c2c9595ebcb3447c80eace8f615149042adc32b3677603c3f3f263f58;33;108;SP;ALAMBARI
d748d1f0c1ffe3150099852cb711aad26ac74c1a828dfc9f7ad0da1fd2b022d7;24;6231;RJ;SAO GONCALO
fc6e5159b7ddd6f081766bcdf761516f0ebd48207a4045c202bc9457ca491e2e;24;4485;RJ;NOVA IGUACU
4390098d186e9f8c052159b4695de74037173d0675865796b4e0ce7d0404577e;6;1213;BA;CAMACARI
8454fcb6bf19b93fb5f90058778a7925fbed80e3e073e391bc6d64a402f9176a;6;699;BA;BARRA DO TARRACHIL (CHORROCHO)
4b4bf1491e8f6140bbed4339f61e29b6b9a7510f5936b1dc1245b91f9be96aa1;22;1281;PR;CAMPO MOURAO
274a4fd6db338b14a2321da1477a1d6fd3fcdd7826843e6dbb260fd09424dcd4;6;2692;BA;GUARATINGA
0cfbf2fce090ac215ee7635ac0f92d95554ed67a4c9324de7a49165ad202802d;33;165;SP;ALTINOPOLIS
dab64ed5385436a4bbd91b5b84f5df83c2e527cc578506809613cb3ee4d77e47;32;348;SE;ARACAJU
3c6139b2d099901d239f12ff778ae32ac69d023c11be30f6a9ea759104eef6f7;3;1724;AL;CONTAGEM
0194f15274639e40a6ea92b9fc550447aca23a9be03a43edfa7f8ae4c0fc052b;6;37;BA;ACUPE (SANTO AMARO)
086bf196369e24cc2125b4875fb91fd98fd9dac5c51f7d1c3818c5b5350873b4;11;315;GO;APARECIDA DE GOIANIA
63200c5b2f0f9b247afcfae17c2279a3fe1c58026d21a41fce211e2387171c0c;33;423;SP;ARCO-IRIS
a83d9d1b05d5abe80d603526c1f22d493467ad6f8c5c025cc84621deb5d8019a;11;635;GO;BANDEIRANTES
a5f5236b0c6055c992070c11a5690a946f306c64396bc43c3290546f71d2bd93;20;1106;PE;CABO DE SANTO AGOSTINHO
68b6ca03c0a9308a8077918189b3da4018440811138aad84a14da372e4b9e666;33;81;SP;AGUAS DE SAO PEDRO
83b9b248d7dfe707249307a7a9c29aab8bc7f0221f991b974668382f2432592a;11;85;GO;AGUAS LINDAS DE GOIAS
ca227b9d2f2e5737ed04969b6ea89d250bed66bff2ea30c046121b38c3555af5;14;5603;MG;RIBEIRAO DAS NEVES
b2a24def5171bb7fa21ee54dafd726c951f0162d2bab4841163027113e208616;21;28;PI;ACAUA
07890adbe149d67e08444cf2aaf1246f4644a6b4c2f58254f77e3462888f23d5;21;1416;PI;CARAUBAS DO PIAUI
3d9dc6f10e76f5d44cae197fd66903e5126e99b716f63f564738c370842b279e;13;22;MA;ACAILANDIA
e465ff3863be507646b4ec709da5cb144634f9b71af93b48d5e48531d34bf8c8;31;825;SC;BLUMENAU
2ba503caa658eb71a36efca71405d11ea71ca76f8e477361e7e68e65a21deb68;3;1255;AL;CAMPO ALEGRE
1817290061f7863199a3d89925ee094d1669a52cf65b25c05fab8e1bf3491bdb;22;186;PR;ALTO PARAISO
85bee376583003ba6f035371042e4861c808091552d472b749ac1b7f926b2fae;14;2653;MG;GUANHAES
c02e4f31c81de3fb0a211e4728b7483ea83b1ceabae09525b5d882958f2b09f9;28;88;RS;AGUDO
e11235126477329a1f7eee7c590cacab6b2404a821381f94596cc52f0edcb701;20;770;PE;BELEM DO SAO FRANCISCO
679becf4e3990fe10259727767728c162b51e3548aece4811ca4e7740afa4754;11;1501;GO;CATALAO
68c0edeade6d965ec17af2e2ba7412233cac732384eeb5622f9a64c036548562;16;155;MT;ALTA FLORESTA
af2572809554b545cbde51b29ee021ba51fbad8066bacb87e5aa332c61e52e06;6;331;BA;APORA
a9c1d931623e6d4a6d2fdb92bec95ee15ebb85f6b4f97b59a65f8ff1ca7743e7;31;6321;SC;SAO JOSE
43754d5e4129f48c9cbca80cd6de3e61c4f1c9e636ee5580eb217b054d720330;13;169;MA;ALTO ALEGRE DO PINDARE
03685cf1f3087bf7c77a47c47d0c36d3591f1dfa12f9932250e5d8dda4914b63;3;3823;AL;MACEIO
765a86bf4e8934a7209897dbb9cc2a013cc81e3bbdb347048ee2bc8bce61146c;33;43;SP;ADOLFO
ba3bb623cc7eba0dffbb85dea428b3adc5ee3dcc7f7a92be782a590a4d295e10;11;2569;GO;GOIANIA
be6571528b3123ea3e4c1b7d188304bcaeadb58aaeae73c16275859e97689fd6;31;618;SC;BALNEARIO PICARRAS
c3e6737cbfe5efcd31073d7ab71d189a95ffe136ee07f9425248c49be3543851;24;460;RJ;ARRAIAL DO CABO
0f4989001dfabf0d50636bc458db1e091e5a587c60755337dd4e82560a0a6750;14;134;MG;ALFREDO VASCONCELOS
0e03031715bcaff1dcc35442c9d5c61dfcf2e18b1ee1582bb4c03616adedfe5d;25;147;RN;ALMINO AFONSO
e8d73ac5125dea27a2a992a966d8fe79fe06289bca80ac6e0c3d54aba5cdab97;15;321;MS;APARECIDA DO TABOADO
cd0361f4716dbb9e48056839e66691b4c17006306f004f3c0cc8395fd26bac53;3;1363;AL;CAPELA
ae02ab0ac55af45f0b9c4ed4ccf167193e9472e422d8476efe34f1f9cbe8e165;28;2225;RS;ENGENHO VELHO
c1a0672ffdd8f7abeb2b3c9390cfbc2f488cc20356bcb9119cd13355b84f7c4c;28;464;RS;ARROIO DO SAL
94441845b4acba5fc6e263898e7063c217a6a196ed6ec117f2387ecafcf70637;6;3056;BA;ITABUNA
490e152e6a7e9970744be2b03be88d12318c6aa7a8589cedc58ab41b6fd15aeb;22;2931;PR;IMBITUVA
0be95ef3e4fdde172ed85d1bb5255e03c483ccb86167dce9b5f76fd22ffe49ba;33;2785;SP;HORTOLANDIA
03e65331795e4e78b4dcf02cf1e0d1301cd4a5b9a7110141ea1b8de11c276837;14;625;MG;BAMBUI
9ccab1dbd1bc9444657fd54b10532dec58a1fd49892495b72a4e2776d190601b;14;207;MG;ALVINOPOLIS
917959e09c491f4d9bc140bc05383098a0db0baf4d778167e16ebc5f5cf7b144;7;839;CE;BOA VIAGEM
6bd3fdf40005279a2c32c67c94a009e821305437ad29f1783f1cce0dc062a385;14;3506;MG;JUIZ DE FORA
1a9d3bfed14f3991ac8cf04d61d498c1ea069b785282789005e39a6627cc28f5;11;5;GO;ABADIANIA
7efcbafa689893b5077bacb87ec18af017ccfd102e9a8910aa244b8b001b45d7;6;459;BA;ARRAIAL DAJUDA (PORTO SEGURO)
405ffbf3663097ea8304a4e0b07bc30c2b7e2f92a60636ce867f5ad32b5f2b92;6;2920;BA;ILHEUS
f6f01c7e1452d6a60698fe250184567140da0955c4c1016245383473871f3da2;25;4380;RN;NATAL
7af6504494f768c7d673ea932d5ff6e98d07619cbad6a9845976cb2a4663efdf;20;2890;PE;IGARASSU
a59dd2dba465200c91f49944f18eeb0da6edfd55cb5a0192d135d02162cbdfc1;14;2843;MG;IBIRITE
0fb9e446224fd20690e64a5da01511a40b3ec41c0b6ffe62c73bb2b14f317799;16;1858;MT;CUIABA
e2c8d1a3e62496b7bcaf210c1864201c333bd1508242e78aae3ed68ed8631190;33;5611;SP;RIBEIRAO PRETO
e505c54c10c184860185de53fc68aaf90c3d1a01c2dfa1f0414e85fbd7d42de6;24;451;RJ;ARMACAO DOS BUZIOS
ce28759b4a26020c56cb758f06fda888da414b3d72f3469f0aadda6ef7ba8411;6;689;BA;BARRA DO JACUIPE (CAMACARI)
0a635932b0e966ffbd8af98f7df804ed11f3c6de33463898d10c7a83c9f75761;33;3149;SP;ITAPETININGA
a99fdaa27d05a97cd4a2355b81cb9173f6242a8c593ce6f2042ecd0d3f578043;18;256;PA;ANANINDEUA
1b4d627fcc691412c5d35743c28962840ddd0369c8693e1b0069ac4a15968d94;22;5353;PR;PRUDENTOPOLIS
8d2c5847f0c71ff7ad65f6b2c8d9c895db7cfa3f408c06069f48b89a241d6132;33;4508;SP;NOVA ODESSA
57caf0452c8b633be8ae096c6e00e80e9726657395b25107d900f24785550407;10;1144;ES;CACHOEIRO DE ITAPEMIRIM
73a7362d8a4c4de16db58751ae80e83e3bef7e542a8748137777f36fa808c84c;14;653;MG;BARAO DE MONTE ALTO
15521eec03b0eeb04c70602ec48fcf862d463e73bb0d2258de8691b8995f9b02;14;1717;MG;CONSELHEIRO LAFAIETE
319d96f7c14ad51a74193bcca81968d2154991432efe62858e93bbeb3a2cfd1b;6;234;BA;AMELIA RODRIGUES
c841c76d717562ca7c17226341604528ad16cccdaee61082570a0dfb26df1025;22;1878;PR;CURITIBA
9114ba1244acce9ad5a63ccf1745c1d94ba5a03591ba35df3fed51d4853bd881;13;6597;MA;SENADOR LA ROQUE
a42cfa8274fd421b24ea9934cf2d1f57a20fa4e51d9aab0185f1076781431085;24;279;RJ;ANGRA DOS REIS
e3f02dcc0c48c8719cdbc7c819a5dd67e58063c278997c0b7748674ca614e500;7;986;CE;BREJO SANTO
c82a9e4acd10155a188e0e28f5284f1cb657f49d395d8c48eca1b8a05e3ce4ed;31;54;SC;AGROLANDIA
6b75ac8782b19379cd0a3178412c6e6f287fc619d68d0e6b75a5e192aabf1c8e;19;4901;PB;PATOS
06470daf89fdce6f3c6199f81af3db1b23c9f4e13fcce4573efbde9ca4d57d61;33;866;SP;BOITUVA
6b3fd1ab1e9a751b0e57b1f5fe994d7b354b36de3802fe8a60b7441a6093eadb;11;212;GO;ALVORADA DO NORTE
005976e073ecb5bcf4bc31f0a5d42a423e2e6a400d1eace52df3c6315c14e5c2;33;948;SP;BRAGANCA PAULISTA
09c44c8ceaf438e43e92c2eccae7115164b074427f41989068cbe83c2893287f;33;6396;SP;SAO JOSE DOS CAMPOS
218fb5c522c283d2bdd745569e20b749945a2deb999d7cbbdd4745bd8926edcb;33;404;SP;ARARAQUARA
15a34ceb30cd01d5827a13bf731d972201b52963d9fb4dcbacc2d7407eebf98d;31;999;SC;BRUSQUE
85896b22d6bd5e4c58240e6292de7bec358284d70f155ecce5d30a11dfd92cb2;24;707;RJ;BARRA MANSA
dd5e7eb584d30df7acd6f980d1ce8653a1ff833830306fa0c658b62391ee4746;19;345;PB;ARACAGI
e3891e3d9af36cb4ff9f4517af9c64f45b9421df920cf721e9f5c14c52e612e8;33;472;SP;ARTUR NOGUEIRA
5bb11c1998ee2643c4b003afcc11eab4f0e273fede4a061f8d4562761d83bba2;14;231;MG;AMARANTINA (OURO PRETO)
ebac26d26aad273c71209298cba60e344bf254080c67657e3780fa25782433b0;28;703;RS;BARRA FUNDA
bf871ece2d114e98d574704284b58e28626656aebe263ed6c4f558e3f0e8d7bd;11;257;GO;ANAPOLIS
2f0cfa08c2400525264610fdeb555dc46ff98007422e4c48c80a252e002e6b3f;28;75;RS;AGUAS CLARAS
102fa5bab9b9095ef203ba2172e221b6cf1f19bdd2dbe7d0651e95d76b4ee712;33;2443;SP;FRANCA
634e4f282ce57640a7f89807d5ae437f9b573239fa52b258ecf52f4418088e01;33;1385;SP;CAPIVARI
190e2cca4c70094c7189eb73d6ea8bf752a293ad8f52983c25200caf66a3dbdf;35;637;TO;BANDEIRANTES DO TOCANTINS
c145a9c09ec8ba8935535c08b11e6e9e83c31e0e836feac4e2572fde62a66f74;19;433;PB;AREIA DE BARAUNAS
1b6b1d47967c8b3aed9836432df782296565b95b6a835ebe2c7f94131388ef0f;33;77;SP;AGUAS DA PRATA
9880308dcf7fec5907c634897c8c60d02ed2aa6c464b5e064d8ea58d3db9f527;33;267;SP;ANDRADINA
297d4e589aebfbfe2ee56627f1771b4166936ba417fd413569d21f939e229223;11;34;GO;ACREUNA
97b196697cc5b74ee11b636f3296cbea3eb167a423ad206bc057b662109eff39;11;3;GO;ABADIA DE GOIAS
ef09f9638cc84bcd574a37556c698771ecb68c5615d6f236a0591de3d8bdf918;15;272;MS;ANGELICA
3fb40c9b8d8bd41a32465c635b81bbc130fd3b91b14116349214870af84d7b18;6;713;BA;BARREIRAS
504399467fc59d5f91b9cffaad574f79e5fa8a75ee0b8cc74e272551bdc0e6bb;14;180;MG;ALTO JEQUITIBA
29baf38917b3fb2bd0a634f168dc81572a770ca31d9acc02ed045d88ff5de674;33;200;SP;ALUMINIO
be7eac3ae5cc56dc0fda96be12d33c810d4910dabff02381154f4f53d48b6735;28;381;RS;ARAMBARE
941d7670cac3e664286896cb7f74dc57f18bf978bacba8cd887cc551cc552b42;7;2290;CE;EUSEBIO
6e37d89cc37e0174b22730d68cd3695e9ce85e87b5a2471cc7c783abeec7bcaa;22;5108;PR;PIRAI DO SUL
54a81d3e277136fd5305b64a1f4af8b783acc2b089edcaaf0f44aca5db978c25;14;3604;MG;LAGOA DA PRATA
fed73db2b5d28d9366e892663fd41595e46527019b98473e882beb9a52c87c8c;7;1299;CE;CAMPOS SALES
8fe91a9aa425928d90e0f81bb0c039e679d0288a1ebb67ca1b0be71e0f5bf6f3;33;3151;SP;ITAPEVI
c167c6161a72fb6fbe9980e411bad591c419564234f31bea6c132091146ebab3;7;333;CE;APRAZIVEL (SOBRAL)
0f1a59d4051fcbbac2c881282cb3ababd8a2287676a0dd50109d5263e699729f;16;170;MT;ALTO ARAGUAIA
2ec251823a91b2fe2ec4bc9b175378d6058a6e7c849063ad3335e279c9d23635;7;1429;CE;CARIDADE
89591de94f6aed10733f3e8d631b7d032030516d5822bdf1d955348311673c44;28;2637;RS;GUAIBA
e40ac0dae8d2b627460b693e4d746ad4d36d2d9b69670dfdf55cf84f7199db29;19;5867;PB;SANTA CRUZ
b77f8011f3b4f2e39671e9f6d842bab6f470733eb44a361f5bcb02e18ea99ce1;21;276;PI;ANGICAL DO PIAUI
dd4349f6c025bef74346d1e7092f9ee2942c58bc9c0bdca3e7c2703c22b372f0;31;4134;SC;MODELO
570cae2a7f25edcd53b1d32ace69435a2fe227e5296760dae4632e9967ca8332;14;38;MG;ACURUI (ITABIRITO)
c211085001dd54f0f5e978486de3f077472481ef2f362fc31b9e1b14823f1a16;11;288;GO;ANICUNS
74bfc07f789ce05a236900c21574413cbcc7db2a7731b33c70fd78165a2274d7;13;2612;MA;GRAJAU
bffccbc34acb074b7cc10014a514bc5e15530ea8c193d63e0b6fd006aa63a284;7;98;CE;AIUABA
750e2d3bd4d84ea017fbc0688662312adc0d491cc4766010a7b629222193d164;15;1809;MS;COXIM
a891e1a38a854c5adb32e6d4112e4135de90dab6b7f4edba8f6605f55f2d24aa;33;1497;SP;CASTILHO
3b9b4ef5b2174f0cd39a62519b40e6c3f599619eb6c0e6fc776d213c76c28ee8;22;6398;PR;SAO JOSE DOS PINHAIS
62fbfc788919f08eb6c20d72f90f6b17966acdeb2664a2d17bfa57bace6feeb4;3;629;AL;BANANEIRAS (ARAPIRACA)
5f582dd5e1130364be79d863cc3c7ba389e92132ad566eb5232039a4c2ce8a9a;6;879;BA;BOM JESUS DA SERRA
28b68dec35890a538a75a8243bac2f848cf4ae7515c1f7ed54cdbaf51a121c54;7;25;CE;ACARAPE
8be1428b8f0bf96089bc83524efffdafc6c41eb1b1fb14fea91f9b3b3813a0a4;33;327;SP;APIAI
7640d7c1fef260ae27711a7ad05b489473ac7f9111eb48d2fe07bc36d9547ebd;33;5026;SP;PERUIBE
87f4571e7e2b4c98a55f09c2a7bf080b55e57fb758f791ac6bf94517ce7e8634;32;922;SE;BOQUIM
9d156b6bdbde492f1430b131451775895d0956343e503592f9ba9015fa2aa997;22;418;PR;ARAUCARIA
e91bfb5bf85959d26ea02fae0fc33837f7bd3417bab5b4e168f62fc6855b1e9d;31;708;SC;BARRA VELHA
6fcf212772754c2fd55ff05e85d816f3dbe84604e4ff8a79286f2ab15f83c4ec;14;656;MG;BARBACENA
4a10c7d41f604d2f1c025025d25872f9d90769b9ddec6a86060c7513ec63c0f3;6;1021;BA;BURITIRAMA
449bbec8fa40977312c9659a2654de79396ad5c2c2b33362c687bfe2160ad54b;22;213;PR;ALVORADA DO SUL
320450bd75ed87e82219488eeb4b2b8b3dae797c9fed02a34a64ad60c3df4df1;22;1274;PR;CAMPO LARGO
6786de479d69f1a1e2da201d2d541a440c581d3fc8012074ad540586f41ea305;6;682;BA;BARRA DO CHOCA
7cb926a5b23d86ef811baae2ea91915314ea4df5405012a4f49521b95021568b;7;342;CE;AQUIRAZ
0e5193be3d2a438fda7603058384f75ef3646ab79f098efcf8abd908ad22363f;33;6163;SP;SAO CAETANO DO SUL
3f14cc752e5de2d1b54e01da18c90bd0fbce598132184e33a344b1bb129ca89c;7;2429;CE;FORTALEZA
677941334e023dc4971455e1685613b0fe3a8c2d5975921ab710d40fd89baf82;22;246;PR;AMPERE
68c25f2ebf548bd731f87bc7209499c1a9d2939f18ad004acc0dac6a1d851c1f;22;298;PR;ANTONINA
ce778d09611fb305d84c0d5c3fbd1a42c0c7d6eb318176430464c6d25267dfc6;33;724;SP;BARRINHA
350ed10f30fa439aa4a0138cc85bf8d3232d02b5910b97539d734eed18ad9786;14;376;MG;ARAGUARI
de3a5fea9a424c9c64b3179d9a385d6eb41f0b45d73762e92d2202b8a417554e;33;2942;SP;INDAIATUBA
ad1ec3de8b88b5ef53bd01b2753ae768405842bf342e5058bdf40ef0415fcb96;22;2104;PR;DOIS VIZINHOS
e7cc6d0f257524a9978d0e676aa239d7bd0b9a9b9fe9f51a596a078a1214db5c;28;76;RS;AGUAS CLARAS (VIAMAO)
4896775ac0f91508151a6ca1916cbbaa825e138d269f292edff910f18eab8fe3;31;2528;SC;GASPAR
3470728cd89a4a232f0fe8e589f01012a43fec3ef45534e158b7a3e74694392e;20;164;PE;ALTINHO
951c29a5dc3b6424e6781e82a362c50138e27dda73330803f2bf57f311361e58;14;2979;MG;IPATINGA
bb2c0436e270b1fae74ecbd98f23737f6bd5409e8381aa2b10b39267e9b3bab6;7;1339;CE;CANINDE
e3cc8d425c81c25486a83a94187dd65ce4e94935d91b9811c781046dcf41192b;7;1376;CE;CAPISTRANO
1cc7f372e720bb8c0cd1a4bd5b0fd750572a79739bc65196acebb821ed670a5d;7;161;CE;ALTANEIRA
950773c63e4d97c3b4cace5312a781400d3f951cb3b4bd104e1593489f07ffcd;3;1791;AL;CORURIPE
5e4002734ae31b440b74af50398b722c74a6b3f5725a85cbde4d683e44a23fae;19;313;PB;APARECIDA
99cf8fc707591db57e3beb85065156a1e5e789d143920fefd610e6f6ccf711cb;31;16;SC;ABELARDO LUZ
a2b43fc57000b42e2699202ee0e9cea582eda3515e425543ae133a064b9ddafc;33;405;SP;ARARAS
c92cddb5062e08f77244b9c7a87ce1c18bbe8aadb0bd1af8381c30abfcf87a31;19;105;PB;ALAGOINHA
f3c53d32c151b6d9fab57580ad313f2310a04b208dde83154792105f1a5c559d;20;868;PE;BOM CONSELHO
3ab301342c6b53104841b430ab9c57104791d700ec7b33f064e7cefdbd80777d;33;723;SP;BARRETOS
1fc44223a00ce45e7149f1ee723be8d5def3f93d4a9ee9c2f134c035d568c5cb;14;3226;MG;ITURAMA
d47e891b95e6b555d64df49a071c465503a264c781d043d4163e637d2c6beeb1;14;100;MG;AIURUOCA
a186e6f20a45575f40d92d855a1a3075c8518c3e97888ce1e5b9f5004894865a;14;759;MG;BELA VISTA DE MINAS
c39099a1e595e283fdfa09ff982608456fdd6b6d26b3a416bb0f8fa352014160;22;264;PR;ANDIRA
82bf45ec31cf0db49279971a1627e2367aa1be61cb64da96e264f443a33176a6;11;875;GO;BOM JESUS
3265def38288e41b03c56ca1ccc8c6fcff1bda947b76a8cdc8ca0b4d909cb49d;33;4996;SP;PENAPOLIS
2406dc330f1f6dff89fc1874f5e159bf6b5f60879eb528ce10f0cfce83b280b7;33;1292;SP;CAMPOS DO JORDAO
f40d410a5a8a4ca080d4f63d07460334430388f5fe137bed0fc49780986eaf82;10;610;ES;BAIXO GUANDU
83a0d787d2c181d61b9afa3f0320bf448f8200c83764edf1b254d4a76d10d86e;14;612;MG;BALDIM
2532479d2a4430870fd0eb171f7ffb89f28151f0940c9b2dd7e788ef630ba725;28;467;RS;ARROIO GRANDE
048df3d9758c5432e5a34c9487f78db67e1f126078e8dee50107805146dd9867;10;3069;ES;ITAGUACU
18adf0847e6d306a49580bae007553d08c9bbc4f7b5d2ef3cf75eb08d9359396;22;190;PR;ALTO PIQUIRI
d585ef99e1257d6888f1fdb467abeb984caa76b0e0334e72736ce9464e6a8ced;7;711;CE;BARREIRA
9120e1b6c7757ed941cc5b4526a3dc50f629b81e22d39e4efcdedcbe0dbed3b1;10;361;ES;ARACRUZ
e79604e453d612c74ebfd311121c19d80412b8745fb9f607a31bcade0d229fb0;14;7229;MG;UBA
0f320590634df0cd584b0d636de9e22605e19aa80a5e7f64dc96e23b9466eee1;20;3000;PE;IPOJUCA
e866d03c6aed1cc4f8e45821bca31814cb9cf932980e0e1ba6736704413e08e9;22;2658;PR;GUAPIRAMA
65347e6bfe48381465446a19e093e8b9b6052276aeca52e63e6ec8660acf3981;6;642;BA;BANZAE
d5eff16e74828275b9ac80c59a5b6ad48b80441d4788214326ca8d0097ae0f64;20;978;PE;BREJO DA MADRE DE DEUS
7fa762a0dff71d27da44f0dc9fc7080b93c7603b8fd353ab74d61104b0b80087;21;181;PI;ALTO LONGA
bd53ef539655ec9942cd8f779d05423186045ca26e5a79255a0ffc4123aab37a;19;6069;PB;SANTO ANDRE
2c2fdf9ea8a937456b086ad04c0bfcc317bd8a265bdde3f08a7e04b2048ea72a;35;372;TO;ARAGUAINA
5ae9e72db5ce944f8aef06ff16bccc7c8484f958bd218746bde5b3ec1f1578a6;35;377;TO;ARAGUATINS
e4cdb84e156a73033d7847ec4830a2e58ede672169c2516459750e3f86a59fb8;33;4138;SP;MOGI DAS CRUZES
284ef2f83c7143577b2a9ed034a40942dfb15929725bc33a0ff55675b15464ab;33;4668;SP;OSASCO
e7534aac73ec4a2f4cfe824ab7cc4a764ae82a7c91c1fe0368c3a962820ce2f8;33;7237;SP;UBATUBA
d98680260708e5f2fc17c253b6cb8800d1160f574bbad4a0d32625b8ef4f17c5;32;6170;SE;SAO CRISTOVAO
04e00fd63575df3aca44b88aa7c04749bc860a8aa6d7d0eb11c1d76bedc60b48;14;73;MG;AGUANIL
60dd50b31d50487381546961b4f6a141e8e037f2947a3d95d3a135718569a9a5;16;4990;MT;PEIXOTO DE AZEVEDO
8f8a5d70bf96676bc4de5d0596d4ba8d69d4042dc07f803a4f5b086884d9883f;33;2372;SP;FERRAZ DE VASCONCELOS
7b6aa4892f87386d41ef2f9e1db5ede5e34946335afa483b9abebfdf8fc6af14;24;427;RJ;AREAL
b8c226bce643257cef0c5011ddc21f2af1c9e3abfe98dc90cbce8cd5a929058c;14;860;MG;BOCAIUVA
d29313694b1fdb5565f4db7644d9dd3973078782fbee474f0dd47d5eebc63588;31;668;SC;BARRA BONITA
6f365c7599060541243c075991dc0b7152b3ac8f7685d88271ca06c5bc7444bd;24;1107;RJ;CABO FRIO
7f10c26ae5831d53895202902cb3588a8abecd4721f79908b1f2cbf6359bb463;22;3232;PR;IVAI
acb3222ffac25cc334b9b09128742e8320030420295e2439e74e17a4695dca74;19;114;PB;ALCANTIL
b40fc462f96e726f9b7ee99e722d16d8e466c0aa4c8d543fd122dd32684f715c;33;737;SP;BARUERI
88d54b969fb3feb0aa3d629d5f575de50fd91c4268095962e083b7c7b82a75aa;20;410;PE;ARARIPINA
9aea53799f0aa24ad000ad48ba38f89ce8b2da53f2fe2df76d431c21c66c0460;7;2905;CE;IGUATU
5a9da50d8bd7b531d464cdcb0d4b6f3085dc4f16e3c9db020eb1d2b9cd09ab50;11;1828;GO;CRISTALINA
2210aac92e26a16de9f9a7ff7d863232bf8200f689db9a943107181de0f9b48c;22;335;PR;APUCARANA
e11e12945170c5047b9fcd6d33a91699f9686c30ee3d61a72fd480daeb661b3d;31;2408;SC;FLORIANOPOLIS
3788a65b152d204dac33ca1d647ae2dcb5eef42f1fd22bfa175a53d18935276a;13;717;MA;BARREIRINHAS
cf43465d5df589c3da222ebfcf4a0841b0522d4b7cb898d7c5bf4db6c92742e8;6;23;BA;ACAJUTIBA
ac37566a8131893f25fb0058b658dc905834c9f6daffbc0db49e19b3cee67500;33;1412;SP;CARAPICUIBA
5eccc9f7a058f472c510e5a7e4670ffc8aaab1e110406340cd39bd8db86f81e9;33;2369;SP;FERNANDOPOLIS
47cb684cdad00ff88205273106b336830db889d532e54de145c59b0736dac221;24;837;RJ;BOA VENTURA (ITAPERUNA)
62e6f01ad1e6bfba5660d05c4b6c627d96c3d715ed7731e2b527edd772b8f5bb;33;4679;SP;OURINHOS
e4ac7d2aae2519786f9ed7fe06b71399f85ab0a33d08ba5dbf8e7e8632c1b390;19;140;PB;ALHANDRA
7fd999ecc103ecbae892280a1c82b50f4dc01cbbd2504f41f0cd6d5e8fba1e71;28;2678;RS;GUARANI DAS MISSOES
21067e820bc9812c8cabaed293f75c83cb8de51771d4849021274df077a8650a;6;915;BA;BONITO
08c93b169d2e9b2726af90eb5b37c1907635a9bbfb8508f95fcd0e5aef47a71c;33;39;SP;ADAMANTINA
105d3534609d86414eb2d1097cc456660f19b8c0e07db9f52dd8e5ad719283a1;28;1358;RS;CAPAO DA CANOA
590640b5f4e030d9cab35625ebe679f27c4a811575ac1486c69a7ea8fb63d428;7;31;CE;ACOPIARA
6de027dda4719f007242a83acbeb45ead9fdab8dd9e4507332e3f1c1affb047c;14;57;MG;AGUA BOA
d3719d52b8c42d9a2c3f205d2ddda0ebcedb2c2aca7d3acc09183e844f77bb31;14;424;MG;ARCOS
e793c7a52df533ef24a82c575b1f58c2376c61325f98755d559ee2102d150363;13;1531;MA;CAXIAS
0a6b404b782eb4ab8183c869f06ade973961c82b4bde54bf9ba8c9d37fa50a0d;20;3318;PE;JABOATAO DOS GUARARAPES
b63068455d2d61e3834546340a5a75262f123eeef7dc677017dfa5dec582c99b;14;6679;MG;SETE LAGOAS
eae1dad28b0bff9deffaccd4ca2201b5723603628ac747c3993fcab6647f605e;7;734;CE;BARROQUINHA
7890909ab85c2353f658c9d977cb45c595e21d3ba74e0133b56e80a40dc0e2d5;3;1309;AL;CANAPI
0132945625843c9c86a549e179bfc4fafa60b7df2e5e4f624ed19131fc62d439;14;21;MG;ACAIACA
a5c54ad158ccaf0ad543986bc8422f4a1ba1717a301d98b5938e62bb249faf82;21;710;PI;BARRAS
e7c538b732441036b2727478d4c9709beb238b30aa3ce125fdacc12cf2a4ee6a;6;297;BA;ANTAS
04971273a3a919bac227e20b76e7e7a19ddc12ce2362d9cd8fec0982872ff7e9;19;3512;PB;JUNCO DO SERIDO
363e7b4fb98b80b746e23a06bee4d14fc4f502ba5479f08153d9c079d6b977e4;13;2887;MA;IGARAPE GRANDE
9cc920f69f65a33e84190849eafae4cd8ab6f221bcf9cdbe58fdb0728d59c322;22;281;PR;ANGULO
48a65e1687dbc9103117bd1eb58a92c547b5f1cd54cdd3319ab75ff827074a16;21;122;PI;ALEGRETE DO PIAUI
63c926153b9b69633a57c4552fd1d769a43f85addefe84663f0037b2c42a54bb;33;1398;SP;CARAGUATATUBA
4524ef2f202cedd40a64a882e660e25decef678055817caa5c82f44f3c422aae;22;397;PR;ARAPOTI
3b2a2b6c874c8330c35a37646beef124645ead2e8927494ba26ef3e6a2df5285;33;1251;SP;CAMPINAS
e4f923d3290f8d1f8b6d06e4d3ad58d2ae2f525263d33c0e1577d25daefe1f3d;7;337;CE;APUIARES
adc0472b4fccfbd936a70b3bb69bc55943277ca56964988f30c25d4d0425954c;31;616;SC;BALNEARIO CAMBORIU
e5ddad4efe0b1e82509e178a2da59a0417747c932cfc26d8e283797dc4a6383a;28;4249;RS;MORUNGAVA (GRAVATAI)
e799330f7500e750b1e60aa9fe4d60d480400742fb83ac63324317fc3f2818a3;19;1415;PB;CARAUBAS
3c5927ae66d53f647f0754db6f8b166ffb8a8ea3b14300519c47f19fca2a51d2;15;261;MS;ANAURILANDIA
d9fb5a22f96b56167731660b0fdf7c1d42e879b20d6261fd6bf5d56ca4defc45;20;5748;PE;Recife
c997dc752f6422ee6ccda21d736662457a6ac9f867957ce1c74a5386e9a82ce7;13;649;MA;BARAO DE GRAJAU
d69dffda7b47df8fab81ac1da5a2e578eb1bfaf0085d8413431d5954d5f7234a;14;420;MG;ARAXA
31de5d2669d42c20bdf40eccc2bd80e66304bfdd5eb2a10444b5c95f3732819b;7;196;CE;ALTO SANTO
e8d519e732b4aed5b57d0546f5cbe9c34eebadc86efd37ff19f015f8ade95c56;33;514;SP;AVARE
eee9d937bc26f0b1a51014a5aab56e10c2818537725b3639e9e748b55398e583;28;1263;RS;CAMPO BOM
b7424ea96e27fab50866efa1e1714474991effb9b6ca8261246449cd19d56a25;28;153;RS;ALPESTRE
6317ebcebd23f8dfda7ae2a6c362a2e35b669f8906673e4c9cf988b81f8c34ea;6;139;BA;ALGODOES (QUIJINGUE)
cb8f440b804d0d60c768bb11d5154a43548068c3a739cd45a1e1aeb54cb277a6;6;249;BA;ANAGE
eb959d67fe8b8ee682ae91c25a48349822ab5c6b94240a5c317bc334c5da69c8;31;941;SC;BRACO DO NORTE
b27b7062a170281b27e3a8ae4fe1417ba2a02fead75d0f01c58955c84585d0e7;28;1343;RS;CANOAS
6f998adc3882e87b434371cd8ad2ac62dfe08118ac81749210f87921d610d4e4;20;20;PE;ABREU E LIMA
35b092c86cb49e2b1ae94548f67a7fdfca0169e12906c3ad6136bf36607b53d7;6;1499;BA;CASTRO ALVES
c464f0f054381d752f50ce7ecd49cd87e32cb03c22e9016072ced23686b86185;6;12;BA;ABARE
6f678da706ced05f83a8437ed38967442db727350c4be2ec4d86a144f62884f7;33;354;SP;ARACATUBA
90540d72c32aebff2fcb1054476371bf86734fb47a74946f07cbc7c72862bbfa;18;15;PA;ABEL FIGUEIREDO
2ac603b7a0d2b5df811e950c3e0df6776244c36d813186eea90c4b05a706c5bf;28;3356;RS;JAGUARAO
0c1bfaa0b14d49efae0f19f2adb11e1884219ae669c938ad4fd713743508fd39;21;517;PI;AVELINO LOPES
0a6c14914dc5f8d4699c01deb210d4d27a9ff3bb27a0605eeaaa2795187eb8d0;3;492;AL;ATALAIA
bf5ce7ce9d7bb447f14d4e285963d1c261d27d675fb6baf5f8b31a33339f3252;18;2525;PA;GARRAFAO DO NORTE
aaa4f9286ad0d3eeb47946b17e71f6dd13d723bb828edbc119589c6729dbc68d;19;3468;PB;JOAO PESSOA
c009834cbeb021e19aae749804c4a667d2ba91a23f988e6083f881e2c6a845c8;28;208;RS;ALVORADA
26a3980a9502d3666ec2900604d8ccf31e52fd8b0be065ee7f244db2afc49d7e;10;119;ES;ALEGRE
ebc7b01a90d95df039695b2a0288591a736784cbc93d164722e76be6ef3b56c9;22;2826;PR;IBIPORA
1b1e2424668c20b59722703ff91c59354610765a0f0a44eea9f2269dd572b42d;33;6459;SP;SAO PAULO
084fecde78faa18672a1aee0ddea91545dbca1614a035632b8e3fe1bf709a2bc;33;3163;SP;ITAPOLIS
bc9774efd12df0b6ab47a0059eab3d3ccbbbbb66e5eef213913cb5f472518d11;6;5827;BA;SALVADOR
21bf9da196e8294aec42cc5b194d33cb2afe3e309a2971e27b6d6ecf329cff79;28;1136;RS;CACHOEIRA DO SUL
d7ea89085f0c3a176ca96e26efd8a5f93114235a45065dda945e27734e907aeb;31;1696;SC;CONCORDIA
b25ef142a44831eb2eb66396edc2b4460b8abc276cd70d1956d02a752ad4bc4d;33;750;SP;BEBEDOURO
6646566d087d39eed4cbd235082e61108fa405d3255419059553c7a9bd7631b4;21;2114;PI;DOM INOCENCIO
ba1708a5a38a4a095b837b3fbf7073334697637d91db951f3ff36ef677f9ab4b;6;107;BA;ALAGOINHAS
b704e0c30586490260c761cb58ada7b2da5d711d3d0fe919b1559709ad153947;6;263;BA;ANDARAI
fe3cd14d6197bc1c9a4cfdfffb20a3607626ed8ef4203da2c002136e57593362;14;154;MG;ALPINOPOLIS
ec70f16a0a1b34b5a8f3e0c222ed9d961d69e185d4cdee22eb4a3d4ca239a2ba;31;4681;SC;OURO
ebb2a60c7dc7fc7ae7879c669b4134723318e46744643bb57096f234cc07fd3d;24;1294;RJ;CAMPOS DOS GOYTACAZES
5d9896f4ed5a18d5785a40db1718d59ad2c44924c8cd0d796c8fbab5b2f1db7b;10;3927;ES;MARATAIZES
72c93dc8a61cfba0f8e9074a95ae04103b3d196d79a50d7cdee5f20c1165388f;14;4684;MG;OURO PRETO
051994f415bce5ee45bee7c41a7c8239d8c5fcbc8f01e784acd446d96aa4ceea;3;5664;AL;RIO LARGO
4a906a151e1560658256576c6bee9b55c3b0d02608f44e5cc88be2eca15a1c5a;22;1713;PR;CONGONHINHAS
d3f60ebb1aa29e4fb2bf23395c2fbf9dccfb3c5d932d27e2e1b47757690b75c2;14;4649;MG;OLIVEIRA
e98919aa338de86de5eb3a2fe619a4d20f5112fa221edfbc10eff389e82026f5;28;3508;RS;JULIO DE CASTILHOS
6da7a50d0f4468f9c1f36ef48634588c5dc3ae3830678148ab09edec6f0f113c;33;2453;SP;FRANCISCO MORATO
744da3d570aa69c8e636e4c8a7ebdb35ccfa3990a4cf4ddca77c44708a57a606;6;877;BA;BOM JESUS DA LAPA
6ac1f5728526b08def027dd4509d57251d2bb2aa6eafaafc5ddbcf7b7907ed0d;21;211;PI;ALVORADA DO GURGUEIA
b99e5ebef2359fe05b1bdec58eb6d1d96844fcbc1f65f25975ac5a08d8abc409;28;5242;RS;PORTO ALEGRE
d114443e5c81fb9b1fad39944db9386811aa99f1448298eb0233b3f3053cc35f;7;4720;CE;PACOTI
903fe32a4951547c3f1f818260d2cb177fed54c5cadc9b09bd08888917652663;28;695;RS;BARRA DO RIBEIRO
14acff2e87e9911d29d27f588f34f743156adc9eab8178b4aaf8a182c2290fd4;33;935;SP;BOTUCATU
31add1136cfb53c464e4a4c0d969d45d468251bce706a0bf52871723d5dcf743;33;7482;SP;VOTUPORANGA
dd6215385f43eae2b23051657a8916a199c0858e1f9fdfc0fbcdf10b3d4000f7;25;27;RN;ACARI
73523dc91cfe28a4dff422048ebf993c2d8aee5446cf724e71ab7556eeec1543;20;46;PE;AFOGADOS DA INGAZEIRA
d8419a68922f2fad4ac2716cc0f6ccf2f4dd3cefa0640cdc65233d66a968fbd9;14;192;MG;ALTO RIO DOCE
1fd1a785b3da174c45afd7b2b5b78d2cea5cd6d4b93e64ed5160deb5d3c75b9a;22;90;PR;AGUDOS DO SUL
ed0e76e07123c6dcc8a3b0107deb8a64a83e48a3a876cde2c961824a239aeb05;33;818;SP;BIRIGUI
09eabb6b0b6a9905cc9b3412cd9b9ae519b58139cc882088bddd00c57369de90;14;446;MG;ARINOS
c18a4a126730f8d5c57ae3f87637e0e1881c0ddf0d3a93824483b33b48415c8e;22;13;PR;ABATIA
634639c0d7b44334e4a0b961a5058870b752585268d59bb51a45b88da6c40c25;6;3754;BA;LUIS EDUARDO MAGALHAES
557448f393eb8e38052bb4678c49ab7c1e18a734440a998e4adeeb6c3dbaeb3a;24;3887;RJ;MANGARATIBA
e5e5bf785d3c8d89b9c12e1b484f26e52d571fbb791b250dd486521d5290c992;33;5104;SP;PIRACICABA
51ec981e63e5bd1fbac324e1e04ec6de1ac50cfea023b37446d464a3d90bee56;33;360;SP;ARACOIABA DA SERRA
9b83d0c6d701811e2603b2386988fff85914c888948a74391fdf7911ab311f2b;33;6253;SP;SAO JOAO DA BOA VISTA
ccbfa3004c31ef6c63a10692ed7f67420b82ac6bf8b3b9a802970a6c0ece72f5;18;1;PA;(BARCARENA)
9b8de18d7078e904e90be446dce8bf543cc5070386b3de7027807e6eb374dd71;19;429;PB;AREIA
30dd6d3168eeaa0d8f6b709fa4a0228a35fe5bc1d9e5d808083c1f4cfe345e9b;14;4211;MG;MONTES CLAROS
30579206f6caf65700942202695c32e5eaffff4a771681da70bf7112bac5080a;20;70;PE;AGUA PRETA
f9c2e8115fbb8b2958aa1dc15036ea08f67f8c48f70b5c2f0f9533facb23b908;28;29;RS;ACEGUA
419888e400b13ecbd76e79e627214a9c82721c9590d0b96f4e23941456512f87;28;2097;RS;DOIS IRMAOS
51d52e9506255f0669fc60c3cb9dcedaf3e18d11ab3bbab95237b080d3aa0569;18;24;PA;ACARA
aaf20debb6adcda1808a940688576b7604d78247e03defa8237c5fefe76161e1;6;1701;BA;CONDE
ab4831637378a8d59de3aaf62f1278ab80252c9946e3e10695673fad352237eb;14;426;MG;AREADO
6d43300f50585dfcd05274134dfd62a321c6b567e312c4dbb2f6c4c73ba75b41;33;89;SP;AGUDOS
7b34552bab91577e33ef94d184c76021c0f6f105bf1721e098a1240592caca73;14;125;MG;ALEM PARAIBA
18142ffeb8624ead3a69acac90e8f090b12e5815b4ed5b6871255feb2e3be887;7;1481;CE;CASCAVEL
f4480af6e221e79583a1fdb743cf614dd12615b353e474bcb1e8265102e3876d;18;145;PA;ALMEIRIM
7086641272d76ee05929088c6b00d508f44704ac08a712adc62e29f33dca79ef;13;589;MA;BACABAL
62b1b709fb31919e676830fe12e694497f98fa3410998d46f0b63e4f9c32979f;14;7343;MG;VARGINHA
d8172c3f3e73d82087af7cf62f7211a7880778b0c25f9e665c39350f2f5e8e00;3;1272;AL;CAMPO GRANDE
e6cdeb54775194de258576c353e2900ec4cdcc161f51da738122665a1a326c9c;6;4930;BA;PAULO AFONSO
140efca6734eac88eed562bc60b7a4fc79b8ac9ac3f7caaba6070846b1b529e4;33;475;SP;ARUJA
9520159c8e1bfbc4f18c011f7c6b7ee66442a9130c8a8c4fc419d6dd3f430604;10;7468;ES;VITORIA
46f53c1c22e57d683bbbf9b9fdf34f28005eb3d5c8035087bd87e59d7894e46e;2;7241;AC;UBERLANDIA
1a7707edc129124d0b2d0252b21f6ccc98530e17a50772f7c6cfd5300eb3e404;18;8;PA;ABAETETUBA
289a87cca99af2b0dd1fff926f9a93a3087e70bfa8bf1249aba85b28cf941144;14;363;MG;ARACUAI
9c8b57afd35572faa8b5002dcc6fb23173671a3105d00649be00a1cf0db4f936;22;1225;PR;CAMBE
d53d61fa2fa3ca0d5c3519374e23a7ad2b5e2f7c87e995af80d33b03699ba77e;33;664;SP;BARIRI
f5b61400ef966be2d2e1c32777fcef001fe015b477ba31e59c882010a15c8a58;15;379;MS;ARAL MOREIRA
0881e5fef0c0595f377e9b8da1bca698922d341bc031ea12c0d7ae425508b89f;22;1650;PR;COLOMBO
47c6e4257624b7954611c7045b9ec50c214679709114a7985956a1dc67618cf5;25;128;RN;ALEXANDRIA
2d5d68d6e5699994174e3d7c93d7eaa6e818a7231483b5a15c92d3e6e40dff0a;20;74;PE;AGUAS BELAS
7b5cbbf9ac983a5a858ba7a6d9d059ee6d60f2737d22b950f140e8ce8dcfe120;31;1345;SC;CANOINHAS
ddb96ec03d500b1f786ba20376f5e0d9916456a01d82f2317792823489f2e2e1;6;3452;BA;JIQUIRICA
346699e23ebfe0666680ad0bbfb2e28932fc27638af1b0f655cb4d32982b0a7e;24;3098;RJ;ITALVA
449d7fe862c2af338432d1bb0cb4a4ccf27bd5b162e681cc863115fe3b1c67dc;7;241;CE;AMONTADA
3083827128601349ee281d8a95a2dcd0cdcccb247bcd598d02848645efee495a;20;1470;PE;CARUARU
4602423b2d439894fdd56b555fccac1c22e6e97b19c16d92d8a0e3f91335eae2;28;795;RS;BENTO GONCALVES
e54d3a904e884e9fad9a6d209738ca75b3945ee3c377ad02815eadd4201e2215;13;229;MA;AMARANTE DO MARANHAO
56a5ac03dfd28a9ba2a8822b0af650ac5601e2816101ab2ae6562035a13da082;16;32;MT;ACORIZAL
550b19d0ac250b48832df9bb80a8256a49ff7108ccdb0c07114cac93fd5e801a;6;697;BA;BARRA DO ROCHA
985cc43db64b3f62ae759201de6ad5682a1ae807a8d51406e7685ee46491bbb0;33;2060;SP;DIADEMA
e345815fba0e8c3bde63e61ca05111afcdfcf3da57d44feb3ce419a4dc0cf28d;14;7240;MG;UBERABA
17ee7b73361bce3a7cea627cd7e692d18927e9028f4fd210d57be8c8912ffe8b;28;463;RS;ARROIO DO PADRE
00924b4046248d831b06e159036b303fd53f819f465516e15f4d3dec49a3855e;25;278;RN;ANGICOS
cba6bd7bba44ea60204e7bf80a6a38ddc42555869ad94d941ef49857e245bcde;28;121;RS;ALEGRETE
0a251131bc4c709c560528a67cf1f75042511e008358fc76b5ac87bb3502ceb3;28;946;RS;BRAGA
631db492fe201d672c4fce21276080c428a380b76c01d73de3c64d7d05672d79;33;428;SP;AREALVA
1b2f6efa088f8da89be50bfc418b1c63b387caa4de1c79174a0f0415844f7942;3;679;AL;BARRA DE SAO MIGUEL
4d5f6f728751511cc5c3e7a4aff4d0ae94e3477040e61047f25a1e54cd84df7e;26;156;RO;ALTA FLORESTA DOESTE
485c703aecfe1264a8480d39b9f36461ce1f9c5fbf0d5b365e1b50c5116696ab;33;79;SP;AGUAS DE LINDOIA
3e26303d47a6526c72124fbd4c31a7e774f8a5a6189c7cdadf333a32e3d549f4;20;766;PE;BELEM DE MARIA
577040ea29d68cde1d885751bf8d888397faf84fe892fe534f52125f4c4a8041;33;72;SP;AGUAI
75253946f49e26301709efd0c32835bf31a147f075d6cc136eb0db73aa9df99e;28;2396;RS;FLORES DA CUNHA
6738bb0dea8321e6fd7e153311ef0a34258a7585e0c1177f89e600dac90534d6;6;1633;BA;COCOS
2851f0fef744fbb8e3a5cec7e522ffc20a0ca9abaa0f83ea5547d6f469fbb9bc;21;199;PI;ALTOS
0360dfab9b99000f6020f7607ceb2f4d89907084f1fa182ca2a7b4f76e590d19;3;1638;AL;COITE DO NOIA
2d0004f488431502e64019cb46cc1182b92b7c964ae5c24552720029572d4fe0;22;2438;PR;FOZ DO IGUACU
85b211cb44286fcbaf08da5bf7386050a8c9c3e49b71a2d414efa2afd2e9ec21;25;1178;RN;CAICO
2b7c3d969a53d7c90fe63b227c02bd5dc2488149b2f8dcae8c305c737ad4b727;33;496;SP;ATIBAIA
360e35eff508acbbab738492d16e55c02f596a68f3897e2e148ce49ab47c9204;20;52;PE;AGRESTINA
97c352c1c9e2b4e1a5390f294069fe859b168f9481aed70ba4eb20ac68adf5bd;10;5303;ES;PRAIA GRANDE
6f5201720c284feb58d875cde58b6c5145e0174bdf04b2e487235f7e2307cec9;6;1623;BA;COARACI
5d022fb2f61f5a1e3929e6a055ad341673f558de9e2ee968999450994458d635;33;6134;SP;SANTOS
7245e4403e0db6c4218f758181bded461b8acdfad439bc4bcfc1674efe0d283f;20;2515;PE;GARANHUNS
8a0dff1b609af9f40710a0e9a71ca5b053eaac0c96c27532297a45f69cd28575;6;2349;BA;FEIRA DE SANTANA
00a19edf28d15b1ad062eda3f7a6385d14af7819aef4e8ee73e5ee17a22d6a97;10;30;ES;ACIOLI (JOAO NEIVA)
fd09422e26e004a686d4b4f8ddea1ceb8feefe54577382d25e0acf6124ebca9c;14;2088;MG;DIVINOPOLIS
a913757f68c71920ed367fedc71e91fe34794bfa30bb0c2e51e35d0402784973;6;774;BA;BELMONTE
de0b179d19035da43961363b3eb3298b6a2e69e81e743940d04ef5b3f7593c95;24;3962;RJ;MARICA
a6e5b7667f413285cfe7620878f9ce542b94c662c1c60b56190555d90f170de8;6;45;BA;ADUSTINA
10796c3b2fa802f527ad56f383426bc98621c3258fe1780e241512ad0257d37d;6;730;BA;BARRO PRETO
ee17eacd9c009cbe5fdc5069bf77bbe6a08f77edcb1ddc83451f0860a2706cbd;14;3096;MG;ITAJUBA
88a1f210d4295cb0b94f3c72cf0dd2c27077e0adb30a1714f3561927362800c8;3;2043;AL;DELMIRO GOUVEIA
b30a8af9e7a9bbc5228a009c387316409c533ff3f8b9dd03913635fcc0a253b9;22;2686;PR;GUARAPUAVA
c66908430b73fd8b99ab8353c6d08d7336c86909a005b1ec7dd8a4c474b80b18;31;62;SC;AGUA DOCE
d8b4447e3344df5197ab3efaaf1f7f45b0b8988dcd45ee4f9ec6089b8c8d820d;10;6622;ES;SERRA
46f883db9ebe9256e8d2e7c617a9f9847197d113a11cb2aadc0bef7c8c4c9eb2;15;215;MS;AMAMBAI
61f7db2aabf371045e310d262e8327ab7ce95be4117c23e39f0845e27301cb72;24;7026;RJ;TERESOPOLIS
3a64dd5b6614297250a646654bad09b6e96160a7167263af0af85063e0459bda;22;224;PR;AMAPORA
e031660f9bf2442eb87d374b790804ac2e4d69b0151a0205745a6b54e328dfd4;24;692;RJ;BARRA DO PIRAI
ae26fc74ed760cf13231b01aa4e078084b480c8250b26a2a319faf7d58ee07fb;32;417;SE;ARAUA
80d113837fab7baab385900c5433e831415d7b4326fea80632ea1fdf0296d2b5;21;228;PI;AMARANTE
05f40328a6b74f7fdb3d7553593dbcd44bcdfe3c13d661067ec74825b57f4ef3;7;26;CE;ACARAU
d8c76ed2053b3678814cbcc8dc1f703a9563fc234e5b010c84d10e54ea53fb24;22;3141;PR;ITAPEJARA DOESTE
149bfe50eac93e20b995585c357ca4821f5a0acd4b88f27fea43485645941b10;28;6403;RS;SAO LEOPOLDO
1b277c017e45c57ca490a7103fc157dd5498e5dd84e76af00eea3861b42fb226;6;1098;BA;CAATIBA
5e5ec7bbcbbccb7924a665c5028d28f6d62298990f88a835881da30cefc9fe9a;13;49;MA;AFONSO CUNHA
0254b876fcd543c00fb9a3eb949a23fc5cf49a3c586e4d35b5acf94ff6d593ea;22;395;PR;ARAPONGAS
f47db04abbd20ea312542a2eb1a6b7810d259f8c7db14075f98c259b6c35cdd8;22;5073;PR;PINHAIS
82733ccf9ce950092d7b0c87dc1a8ba0419d12d1cdd5262c51636af515c0ae22;7;9;CE;ABAIARA
8346f65eb1509fecd0133d998a3b23389d8583cf91867009e732c9cf9fa2f667;33;2705;SP;GUARULHOS
103f647ef7b1f29abcf0298894ae29e487d3306eb54c624e4c36823f50367907;13;624;MA;BALSAS
0c1abb91d04c046686b7e1781dc277a316b7facb88d63665fc4cafab62849fa3;14;163;MG;ALTEROSA
77a5334c8d3abe64012de88aa25464adf4aade602997474425d3a836dcc5925c;20;225;PE;AMARAJI
872a0dcd0037ed1060e29f40a8248d57a6e11fbab4f30bb863f63a36bd4287e8;25;47;RN;AFONSO BEZERRA
362f46cb0a3a800d2322efd6aa24feb9c1d858636810101ec57b45a0de85364a;15;341;MS;AQUIDAUANA
02733b85a364ebe9166c67e96a1c872d3fbe47ef816b48d0bc27093857520771;25;176;RN;ALTO DO RODRIGUES
73a712007f7530c346a07508e5f188dbc1d13bf608afe58254a96fb4c1c95e67;16;399;MT;ARAPUTANGA
3cd75ccc2c3ae14577bf1c73f917ec8280292c5ec3189522a8afa00d379bcd29;33;3514;SP;JUNDIAI
4134b80c0ccc7570cc539aecb560e41e2561571bbad857847f50892e82c75483;28;462;RS;ARROIO DO MEIO
9c5671e47daae81e82bfd63c9a0488c0454123115ea2638553f87210efd05491;6;142;BA;ALMADINA
f7e7136d1132766d43c29650361568ff88e5e2963ece8ce6f0449a0bfaa56739;7;351;CE;ARACATI
02353a3210e952e1d50e14e97ab46606bc03c43d55ce9b2febed8ba6b9ef4d69;14;777;MG;BELO HORIZONTE
711b92f2c266deb9d352c6fde2e22fb7087db165480779b81e01db9e060d0925;22;659;PR;BARBOSA FERRAZ
